X1_year,X1_month_sin,X1_month_cos,X2_house_age,X3_scaled,X4_scaled,distance_scaled,Y_house_price_of_unit_area
-1.5118578920369115,0.0014713174112238338,1.3911533568552004,1.255628327289565,-1.741159210779006,1.0,0.2401760997836765,37.9
-1.5118578920369115,0.0014713174112238338,1.3911533568552004,0.15708621507933687,-0.5971438684856601,0.9,0.1897389208513886,42.2
0.6614378277661488,-0.7562910065081956,-1.0964037902726047,-0.38779067257693617,-0.05513328539267739,0.5,0.3436988207408744,47.3
0.6614378277661488,-0.7562910065081956,-1.0964037902726047,-0.38779067257693617,-0.05513328539267739,0.5,0.3436988207408744,54.8
-1.5118578920369115,-1.3110115276786756,0.7246144281560375,-1.1172226350845276,-0.38070765660878025,0.5,0.20129976310434827,43.1
-1.5118578920369115,-1.5140533304276151,0.05807549945687435,-0.9326675602332094,1.1571721786775477,0.30000000000000004,0.32550672718592066,32.1
-1.5118578920369115,-1.5140533304276151,0.05807549945687435,1.4753367497316106,0.037812301663794096,0.7000000000000001,0.15306669700616282,40.3
0.6614378277661488,0.0014713174112243907,-1.2750023579414511,0.22739291026079153,-0.6542912027093766,0.6000000000000001,0.21539696878060077,46.7
0.6614378277661488,-0.7562910065081956,-1.0964037902726047,1.2292633165965194,1.9907308858416035,0.1,0.853705885730024,18.8
0.6614378277661488,0.0014713174112243907,-1.2750023579414511,0.01647282471642756,0.9791440347564143,0.30000000000000004,0.2699996224343878,22.1
0.6614378277661488,0.7592336413306437,1.212554789186354,1.5017017604246559,-0.3477832689039292,0.1,0.03610147846624165,41.4
0.6614378277661488,1.3139541625011242,-0.6084634292422879,-1.002974255414664,-1.684739340334845,0.9,0.14609276296960072,58.1
-1.5118578920369115,0.0014713174112238338,1.3911533568552004,-0.4141556832699817,-0.17373957243067528,0.5,0.05204587537237797,39.3
-1.5118578920369115,-1.5140533304276151,0.05807549945687435,0.23618124715847316,1.2710290357371412,0.4,0.37140753307949964,23.8
0.6614378277661488,-0.7562910065081956,-1.0964037902726047,-0.3965790094746181,0.5975932021439709,0.4,0.37722338796782656,34.3
0.6614378277661488,-0.7562910065081956,-1.0964037902726047,1.5807967925037927,-0.028111998873569983,0.2,0.2862451367907665,50.5
0.6614378277661488,1.3139541625011242,-0.6084634292422879,-1.556639479968619,-0.6376830635654424,0.6000000000000001,0.20084280695941775,70.1
-1.5118578920369115,-1.3110115276786756,0.7246144281560375,-0.0011038490789360268,-0.4766076381946978,0.1,0.07827203494685424,37.4
0.6614378277661488,0.0014713174112243907,-1.2750023579414511,-0.07141054426039069,-0.4336061653622452,0.8,0.14467171602938034,42.3
-1.5118578920369115,-1.5140533304276151,0.05807549945687435,-1.4248144265033915,-2.870121088830743,0.7000000000000001,0.08507503131559908,47.7
0.6614378277661488,0.0014713174112243907,-1.2750023579414511,-1.1611643195729369,1.1977938034963707,0.30000000000000004,0.3418616651413416,29.3
0.6614378277661488,0.0014713174112243907,-1.2750023579414511,-0.6338641057120273,-0.6808725699262842,0.7000000000000001,0.18927599536197748,51.6
-1.5118578920369115,0.0014713174112238338,1.3911533568552004,-0.2647539560093908,0.7364713119922737,0.1,0.36318024799517035,24.6
0.6614378277661488,0.7592336413306437,1.212554789186354,-0.6690174533027546,-0.6808725699262842,0.7000000000000001,0.18927599536197748,47.9
0.6614378277661488,0.7592336413306437,1.212554789186354,1.9235419315133837,-0.19495617410257607,0.4,0.0783396634797363,38.8
0.6614378277661488,0.7592336413306437,1.212554789186354,1.0183432310521556,0.8168976461616284,0.2,0.25251138758919606,27.0
-1.5118578920369115,-1.5140533304276151,0.05807549945687435,-1.2842010361404823,-0.39619708026114525,0.5,0.23873491874897457,56.2
0.6614378277661488,1.3139541625011242,-0.6084634292422879,-0.6426524426097091,-0.6896318992694104,0.5,0.21799247063458943,33.6
0.6614378277661488,-0.7562910065081956,-1.0964037902726047,0.13072120438629134,-0.062339722849796726,0.4,0.07702822735929467,47.0
0.6614378277661488,0.7592336413306437,1.212554789186354,-0.9326675602332094,-0.2515319923032132,0.5,0.2153880503681294,57.1
0.6614378277661488,-0.7562910065081956,-1.0964037902726047,0.7195397765309736,1.8127852307458556,0.0,0.703715915875817,22.1
-1.5118578920369115,-1.3110115276786756,0.7246144281560375,1.0447082417452014,0.226118845592521,0.7000000000000001,0.21213832348941103,25.0
-1.5118578920369115,-1.3110115276786756,0.7246144281560375,1.7741402042527925,-0.18041553181209408,0.1,0.03814340567210471,34.2
0.6614378277661488,1.3139541625011242,-0.6084634292422879,-0.10656389185111786,-0.5487414419481479,0.6000000000000001,0.19150630683065484,49.3
-1.5118578920369115,-1.3110115276786756,0.7246144281560375,-0.2032355977256179,-0.9550298074981032,0.7000000000000001,0.27728377031413703,55.1
0.6614378277661488,-0.7562910065081956,-1.0964037902726047,-0.33506065119084527,1.7209075394719504,0.0,0.8503694493389105,27.3
-1.5118578920369115,0.0014713174112238338,1.3911533568552004,-0.2647539560093908,1.0523749887040414,0.2,0.28762548145235467,22.9
0.6614378277661488,1.5169959652500635,0.058075499456874666,-0.5020390522468,0.7364713119922737,0.1,0.36318024799517035,25.3
-1.5118578920369115,-1.5140533304276151,0.05807549945687435,-1.2842010361404823,-0.030040915995236478,0.6000000000000001,0.19546347652360613,47.7
0.6614378277661488,1.5169959652500635,0.058075499456874666,-0.1329289025441634,-0.6489560148277189,0.5,0.2520751622592206,46.2
0.6614378277661488,0.7592336413306437,1.212554789186354,-0.3614256618838908,1.7214780488613697,0.0,0.6762662259434826,15.9
0.6614378277661488,-0.7562910065081956,-1.0964037902726047,-0.08019888115807232,1.7180834838776902,0.0,0.6621165734024405,18.2
0.6614378277661488,0.0014713174112243907,-1.2750023579414511,1.6159501400945198,-0.12555414309705706,0.5,0.08569640484432899,34.7
-1.5118578920369115,-1.3110115276786756,0.7246144281560375,1.4665484128339286,-0.13712778158361172,0.6000000000000001,0.337187857370162,34.1
0.6614378277661488,-0.7562910065081956,-1.0964037902726047,-1.3193543837312096,-0.1017287580582074,0.4,0.2167881455343037,53.9
0.6614378277661488,0.7592336413306437,1.212554789186354,1.659891824582929,-0.17996398768922073,0.8,0.15098215659962422,38.3
0.6614378277661488,0.0014713174112243907,-1.2750023579414511,0.35042962682833695,-0.2266628697391364,0.9,0.14518667440044125,42.0
0.6614378277661488,-0.7562910065081956,-1.0964037902726047,1.598373466299156,0.062267761166724035,0.30000000000000004,0.09214814645763973,61.5
0.6614378277661488,0.0014713174112243907,-1.2750023579414511,0.5701380492703826,1.8296944630575018,0.0,0.7193284162378957,13.4
-1.5118578920369115,-1.5140533304276151,0.05807549945687435,1.0271315679498374,1.8109325280914166,0.1,0.7008071755411662,13.2
0.6614378277661488,0.0014713174112243907,-1.2750023579414511,0.35042962682833695,-0.13754393886836735,0.4,0.07935364140647556,44.2
0.6614378277661488,0.7592336413306437,1.212554789186354,1.1941099690057921,0.9666061608812103,0.1,0.3889896777793967,20.7
0.6614378277661488,-0.7562910065081956,-1.0964037902726047,1.264416664187247,0.7867108294115139,0.30000000000000004,0.24010343683376767,27.0
0.6614378277661488,0.7592336413306437,1.212554789186354,-0.38779067257693617,-0.17373957243067528,0.5,0.05204587537237797,38.9
0.6614378277661488,0.7592336413306437,1.212554789186354,-0.14171723944184503,-0.6489560148277189,0.5,0.2520751622592206,51.7
-1.5118578920369115,-1.3110115276786756,0.7246144281560375,1.2292633165965194,0.5943524239042742,0.0,0.3212819169533264,13.7
0.6614378277661488,0.0014713174112243907,-1.2750023579414511,1.3962417176524742,-0.42607557584046235,0.8,0.09203154917172272,41.9
-1.5118578920369115,0.0014713174112238338,1.3911533568552004,-1.249047688549755,-2.1012629258941202,0.7000000000000001,0.17971491466600953,53.5
0.6614378277661488,-0.7562910065081956,-1.0964037902726047,1.106226600028974,1.8109325280914166,0.1,0.7008071755411662,22.6
0.6614378277661488,0.7592336413306437,1.212554789186354,-0.38779067257693617,-0.5151362318170984,0.5,0.16517270853326688,42.4
0.6614378277661488,0.0014713174112243907,-1.2750023579414511,-0.5899224212236182,1.0506123422962135,0.2,0.28667787507096504,21.3
0.6614378277661488,-0.7562910065081956,-1.0964037902726047,-1.090857624391482,-0.745599995250509,0.6000000000000001,0.1911814566661194,63.2
-1.5118578920369115,0.0014713174112238338,1.3911533568552004,-0.04504553356734515,1.1575211322847767,0.30000000000000004,0.3256209515265949,27.7
0.6614378277661488,-0.7562910065081956,-1.0964037902726047,-1.3281427206288914,-0.1017287580582074,0.4,0.2167881455343037,55.0
0.6614378277661488,1.3139541625011242,-0.6084634292422879,-0.018680522874299613,0.4570936316906445,0.0,0.24455504553672863,25.3
0.6614378277661488,0.0014713174112243907,-1.2750023579414511,1.9674836160017928,-1.4064157371619308,0.8,0.17071936298528234,44.3
0.6614378277661488,0.7592336413306437,1.212554789186354,-1.4687561109918006,-1.0077448219912657,0.6000000000000001,0.09497443166456422,50.7
0.6614378277661488,-0.7562910065081956,-1.0964037902726047,-0.8096308436656638,-1.554015896639687,0.5,0.08403267316306538,56.8
0.6614378277661488,0.0014713174112243907,-1.2750023579414511,1.1150149369266555,-0.22616025498224812,0.6000000000000001,0.167473719324773,36.2
-1.5118578920369115,-1.3110115276786756,0.7246144281560375,-0.4580973677583908,-0.05513328539267739,0.5,0.3436988207408744,42.0
0.6614378277661488,-0.7562910065081956,-1.0964037902726047,-0.9766092447216185,-1.684739340334845,0.9,0.14609276296960072,59.0
0.6614378277661488,0.7592336413306437,1.212554789186354,1.5632201187084287,0.062267761166724035,0.30000000000000004,0.09214814645763973,40.8
0.6614378277661488,-0.7562910065081956,-1.0964037902726047,1.299570011777974,-0.30609681758542645,0.8,0.11423752497606927,36.3
0.6614378277661488,1.5169959652500635,0.058075499456874666,-0.34384898808852704,1.7214780488613697,0.0,0.6762662259434826,20.0
-1.5118578920369115,0.0014713174112238338,1.3911533568552004,-0.9590325709262548,-0.406283372854516,1.0,0.23315643159274962,54.4
0.6614378277661488,-0.7562910065081956,-1.0964037902726047,-0.4756740415537544,0.7364713119922737,0.1,0.36318024799517035,29.5
0.6614378277661488,-0.7562910065081956,-1.0964037902726047,1.598373466299156,0.027598762991267095,0.30000000000000004,0.12316142815158747,36.8
-1.5118578920369115,-1.3110115276786756,0.7246144281560375,0.24496958405615513,1.1613236153271123,0.30000000000000004,0.3273318072848447,25.6
-1.5118578920369115,0.0014713174112238338,1.3911533568552004,1.8005052149458383,-0.07046995776406483,0.2,0.08311585280108359,29.8
0.6614378277661488,0.7592336413306437,1.212554789186354,0.02526116161410951,0.7717993207422775,0.1,0.37125645239626787,26.5
0.6614378277661488,-0.7562910065081956,-1.0964037902726047,-0.5196157260421636,-0.1017287580582074,0.4,0.2167881455343037,40.3
0.6614378277661488,0.7592336413306437,1.212554789186354,1.150168284517383,-0.4104444132264817,0.6000000000000001,0.09176831372846032,36.8
0.6614378277661488,0.7592336413306437,1.212554789186354,-0.3965790094746181,-1.2295955770539644,0.7000000000000001,0.11199843041721934,48.1
-1.5118578920369115,0.0014713174112238338,1.3911533568552004,0.6668097551448827,1.3534115500545778,0.30000000000000004,0.4093022486753372,17.7
0.6614378277661488,0.7592336413306437,1.212554789186354,-0.22960060841866342,-0.3975538466287892,0.7000000000000001,0.14731123420807718,43.7
-1.5118578920369115,-1.3110115276786756,0.7246144281560375,-1.556639479968619,-0.5074155082208174,0.9,0.1362348668204969,50.8
-1.5118578920369115,-1.3110115276786756,0.7246144281560375,-1.398449415810346,0.7973724105718248,0.1,0.38176734888929037,27.0
0.6614378277661488,-0.7562910065081956,-1.0964037902726047,-0.07141054426039069,1.7180834838776902,0.0,0.6621165734024405,18.3
-1.5118578920369115,0.0014713174112238338,1.3911533568552004,-0.7744774960749364,0.7664591635136956,0.0,0.2821414082948172,48.0
0.6614378277661488,-0.7562910065081956,-1.0964037902726047,0.46467800649820074,1.6915406490590619,0.0,0.6153790632368867,25.3
-1.5118578920369115,-1.3110115276786756,0.7246144281560375,-1.556639479968619,-0.6975348737945759,0.1,0.07048893298211371,45.4
0.6614378277661488,1.3139541625011242,-0.6084634292422879,-0.7569008222795729,0.7636425899052407,0.0,0.2813183386527512,43.2
-1.5118578920369115,0.0014713174112238338,1.3911533568552004,0.2537579209538371,1.2710290357371412,0.4,0.37140753307949964,21.8
-1.5118578920369115,0.0014713174112238338,1.3911533568552004,1.246839990391883,0.583243301266548,0.0,0.32871724180973905,16.1
-1.5118578920369115,0.0014713174112238338,1.3911533568552004,2.0377903111832474,-1.1362773864580116,0.5,0.080513817848874,41.0
-1.5118578920369115,0.0014713174112238338,1.3911533568552004,-0.8535725281540729,-1.554015896639687,0.5,0.08403267316306538,51.8
0.6614378277661488,0.0014713174112243907,-1.2750023579414511,-0.9941859185169821,-1.684739340334845,0.9,0.14609276296960072,59.5
0.6614378277661488,0.7592336413306437,1.212554789186354,0.9392481989730191,0.02911082031128281,0.30000000000000004,0.11096147132664914,34.6
0.6614378277661488,0.0014713174112243907,-1.2750023579414511,-0.1153522287487998,-0.6489560148277189,0.5,0.2520751622592206,51.0
0.6614378277661488,0.0014713174112243907,-1.2750023579414511,-0.9941859185169821,-1.684739340334845,0.9,0.14609276296960072,62.2
0.6614378277661488,-0.7562910065081956,-1.0964037902726047,-0.018680522874299613,0.4287580604012343,0.4,0.32365443864774096,38.2
-1.5118578920369115,-1.3110115276786756,0.7246144281560375,-0.44052069396302723,-1.122921856430549,0.1,0.05862770801143723,32.9
0.6614378277661488,0.7592336413306437,1.212554789186354,-1.4599677740941186,-1.0077448219912657,0.6000000000000001,0.09497443166456422,54.4
-1.5118578920369115,-1.3110115276786756,0.7246144281560375,-1.556639479968619,-0.9419878974163707,0.6000000000000001,0.2093948303440501,45.7
-1.5118578920369115,-1.5140533304276151,0.05807549945687435,1.317146685573338,-0.3764185497087519,0.6000000000000001,0.13486391010179188,30.5
-1.5118578920369115,-1.3110115276786756,0.7246144281560375,-1.556639479968619,-0.6376830635654424,0.6000000000000001,0.20084280695941775,71.0
0.6614378277661488,0.7592336413306437,1.212554789186354,-0.04504553356734515,-1.0266819211202731,0.8,0.1768727425673723,47.1
0.6614378277661488,1.3139541625011242,-0.6084634292422879,-0.48446237845143636,0.7364713119922737,0.1,0.36318024799517035,26.6
0.6614378277661488,0.0014713174112243907,-1.2750023579414511,1.202898305903474,-0.007801435517218132,0.2,0.02929065154883291,34.1
0.6614378277661488,-0.7562910065081956,-1.0964037902726047,-1.205106004061346,1.145703824884286,0.30000000000000004,0.3209631940883535,28.4
0.6614378277661488,0.7592336413306437,1.212554789186354,-0.8447841912563911,-1.554015896639687,0.5,0.08403267316306538,51.6
0.6614378277661488,-0.7562910065081956,-1.0964037902726047,1.3698767069594284,-0.9938775095627832,0.7000000000000001,0.1656720459444075,39.4
0.6614378277661488,0.0014713174112243907,-1.2750023579414511,-0.6865941270981183,1.1267443307740996,0.30000000000000004,0.31111762622080774,23.1
0.6614378277661488,1.3139541625011242,-0.6084634292422879,-0.2559656191117088,-0.3745637496251207,0.6000000000000001,0.1119342534108141,7.6
-1.5118578920369115,-1.5140533304276151,0.05807549945687435,1.1325916107220195,-1.2724859832253113,0.8,0.225359608155195,53.3
0.6614378277661488,0.7592336413306437,1.212554789186354,0.2537579209538371,0.1887008154809388,0.2,0.2803878665453953,46.4
0.6614378277661488,0.7592336413306437,1.212554789186354,1.1589566214150648,2.124117622347481,0.1,0.9999999999999999,12.2
0.6614378277661488,0.7592336413306437,1.212554789186354,-0.3614256618838908,1.7464554486977253,0.0,0.7133736096023953,13.0
0.6614378277661488,-0.7562910065081956,-1.0964037902726047,0.6668097551448827,0.8728436185781536,0.30000000000000004,0.23517835614962224,30.6
0.6614378277661488,-0.7562910065081956,-1.0964037902726047,-0.09777555495343591,-0.6489560148277189,0.5,0.2520751622592206,59.6
0.6614378277661488,1.5169959652500635,0.058075499456874666,-0.38779067257693617,-0.17373957243067528,0.5,0.05204587537237797,31.3
0.6614378277661488,-0.7562910065081956,-1.0964037902726047,-0.3614256618838908,-0.17373957243067528,0.5,0.05204587537237797,48.0
0.6614378277661488,1.3139541625011242,-0.6084634292422879,1.211686642801156,-0.3265494869893013,0.4,0.26335076842104904,32.5
0.6614378277661488,0.0014713174112243907,-1.2750023579414511,-1.556639479968619,-1.0461338915458265,0.0,0.0,45.5
-1.5118578920369115,0.0014713174112238338,1.3911533568552004,-0.6865941270981183,-0.6808725699262842,0.7000000000000001,0.18927599536197748,57.4
0.6614378277661488,1.5169959652500635,0.058075499456874666,-1.4599677740941186,-1.0077448219912657,0.6000000000000001,0.09497443166456422,48.6
0.6614378277661488,0.7592336413306437,1.212554789186354,1.8356585625365656,0.26627577502032135,0.4,0.12984469616002287,62.9
0.6614378277661488,1.3139541625011242,-0.6084634292422879,-1.2226826778567095,-0.39619708026114525,0.5,0.23873491874897457,55.0
0.6614378277661488,0.7592336413306437,1.212554789186354,2.0729436587739745,-1.3974873539691277,0.6000000000000001,0.079512646674111,60.7
0.6614378277661488,0.0014713174112243907,-1.2750023579414511,1.8268702256388836,-0.9065448465247862,0.7000000000000001,0.2160042800626839,41.0
0.6614378277661488,1.3139541625011242,-0.6084634292422879,1.0447082417452014,-0.09829478616668721,0.8,0.182622157228364,37.5
0.6614378277661488,-0.7562910065081956,-1.0964037902726047,-1.205106004061346,1.145703824884286,0.30000000000000004,0.3209631940883535,30.7
0.6614378277661488,1.5169959652500635,0.058075499456874666,0.7810581348147465,-0.19112895373274136,0.5,0.08637956147871272,37.5
-1.5118578920369115,-1.3110115276786756,0.7246144281560375,0.02526116161410951,-0.420925459541962,0.8,0.3071246368951656,39.5
-1.5118578920369115,-1.5140533304276151,0.05807549945687435,1.3786650438571104,-1.0387621350920966,0.6000000000000001,0.11170687927059507,42.2
-1.5118578920369115,0.0014713174112238338,1.3911533568552004,0.10435619369324581,0.4691384958088977,0.0,0.24667735938688973,20.8
-1.5118578920369115,-1.3110115276786756,0.7246144281560375,-0.5547690736328909,-0.38070765660878025,0.5,0.20129976310434827,46.8
0.6614378277661488,-0.7562910065081956,-1.0964037902726047,-0.3614256618838908,-0.5614928895575545,0.6000000000000001,0.1301917208633827,47.4
0.6614378277661488,1.5169959652500635,0.058075499456874666,-0.6778057902004364,0.4078262940161153,0.0,0.19008838905801312,43.5
-1.5118578920369115,-1.5140533304276151,0.05807549945687435,-0.4229440201676635,-0.17373957243067528,0.5,0.05204587537237797,42.5
0.6614378277661488,1.3139541625011242,-0.6084634292422879,-0.1329289025441634,-0.6489560148277189,0.5,0.2520751622592206,51.4
0.6614378277661488,1.3139541625011242,-0.6084634292422879,-1.1084342981868458,0.8592203098415465,0.30000000000000004,0.2500025260889334,28.9
0.6614378277661488,0.0014713174112243907,-1.2750023579414511,0.1834512257723824,0.06208330474963396,0.5,0.17707501887840132,37.5
0.6614378277661488,-0.7562910065081956,-1.0964037902726047,-0.3614256618838908,-0.17373957243067528,0.5,0.05204587537237797,40.1
0.6614378277661488,0.7592336413306437,1.212554789186354,-0.5108273891444818,0.7364713119922737,0.1,0.36318024799517035,28.4
-1.5118578920369115,0.0014713174112238338,1.3911533568552004,-1.3720844051173007,-0.2515319923032132,0.5,0.2153880503681294,45.5
-1.5118578920369115,-1.3110115276786756,0.7246144281560375,-1.556639479968619,-1.0461338915458265,0.0,0.0,52.2
-1.5118578920369115,-1.3110115276786756,0.7246144281560375,-1.2754126992428005,-0.17802051435893035,0.8,0.1510225721039155,43.2
0.6614378277661488,-0.7562910065081956,-1.0964037902726047,-0.1153522287487998,1.6527112503346126,0.0,0.7248995301631217,45.1
-1.5118578920369115,-1.5140533304276151,0.05807549945687435,1.5104900973223376,-1.075346481792486,0.8,0.1285662730576938,39.7
0.6614378277661488,1.3139541625011242,-0.6084634292422879,1.589585129401474,-1.1197720197089842,0.7000000000000001,0.11508176913361766,48.5
0.6614378277661488,-0.7562910065081956,-1.0964037902726047,-1.1260109719822096,-0.3871340179130574,0.9,0.19376013310106133,44.7
0.6614378277661488,1.3139541625011242,-0.6084634292422879,-0.5020390522468,0.7364713119922737,0.1,0.36318024799517035,28.9
0.6614378277661488,1.3139541625011242,-0.6084634292422879,-0.9853975816193004,-0.4142986195838211,0.6000000000000001,0.23937815220925523,40.9
0.6614378277661488,-0.7562910065081956,-1.0964037902726047,-0.07141054426039069,1.7180834838776902,0.0,0.6621165734024405,20.7
0.6614378277661488,1.5169959652500635,0.058075499456874666,-0.34384898808852704,1.7214780488613697,0.0,0.6762662259434826,15.6
0.6614378277661488,-0.7562910065081956,-1.0964037902726047,1.141379947619701,0.6713076214539264,0.0,0.3386325477844911,18.3
0.6614378277661488,1.3139541625011242,-0.6084634292422879,-0.14171723944184503,0.2787004628470718,0.4,0.13855446848171832,35.6
0.6614378277661488,0.7592336413306437,1.212554789186354,-0.5371923998375273,-0.38070765660878025,0.5,0.20129976310434827,39.4
-1.5118578920369115,-1.5140533304276151,0.05807549945687435,-0.1944472608279361,0.2787004628470718,0.4,0.13855446848171832,37.4
-1.5118578920369115,0.0014713174112238338,1.3911533568552004,-1.249047688549755,-2.2144047014166492,0.8,0.16556632337958965,57.8
0.6614378277661488,0.0014713174112243907,-1.2750023579414511,0.13072120438629134,0.027598762991267095,0.30000000000000004,0.12316142815158747,39.6
-1.5118578920369115,-1.3110115276786756,0.7246144281560375,-0.150505576339527,1.7180834838776902,0.0,0.6621165734024405,11.6
0.6614378277661488,-0.7562910065081956,-1.0964037902726047,-0.8096308436656638,-1.554015896639687,0.5,0.08403267316306538,55.5
-1.5118578920369115,-1.3110115276786756,0.7246144281560375,-1.556639479968619,-1.0461338915458265,0.0,0.0,55.2
-1.5118578920369115,0.0014713174112238338,1.3911533568552004,-0.35263732498620903,0.6511288226899437,0.1,0.3337839506238896,30.6
0.6614378277661488,0.0014713174112243907,-1.2750023579414511,-1.556639479968619,-0.6376830635654424,0.6000000000000001,0.20084280695941775,73.6
0.6614378277661488,0.0014713174112243907,-1.2750023579414511,0.9216715251776555,-0.5311547711511567,0.8,0.10145335092212061,43.4
0.6614378277661488,0.7592336413306437,1.212554789186354,0.8689415037915648,-0.1330791218733795,0.5,0.15505599979119744,37.4
0.6614378277661488,0.0014713174112243907,-1.2750023579414511,-0.8184191805633456,1.0650764793951668,0.1,0.4079482309521624,23.5
0.6614378277661488,1.3139541625011242,-0.6084634292422879,0.5525613754750189,1.8143700224620989,0.0,0.7062961503229287,14.4
0.6614378277661488,0.7592336413306437,1.212554789186354,-1.2402593516520732,-0.39619708026114525,0.5,0.23873491874897457,58.8
0.6614378277661488,-0.7562910065081956,-1.0964037902726047,-0.9766092447216185,-1.684739340334845,0.9,0.14609276296960072,58.1
0.6614378277661488,0.7592336413306437,1.212554789186354,2.0729436587739745,-0.35517018741711576,0.4,0.2821105454748525,35.1
0.6614378277661488,0.0014713174112243907,-1.2750023579414511,-1.1787409933683004,-0.2904428786441696,0.7000000000000001,0.1810606068926709,45.2
0.6614378277661488,0.7592336413306437,1.212554789186354,1.097438263131292,-0.21096401020452896,0.30000000000000004,0.02640569805708462,36.5
-1.5118578920369115,-1.3110115276786756,0.7246144281560375,-0.33506065119084527,1.823450028862354,0.0,0.711487519327897,19.2
0.6614378277661488,0.7592336413306437,1.212554789186354,1.3435116962663831,-1.067318855727831,0.9,0.16981923485786837,42.0
0.6614378277661488,-0.7562910065081956,-1.0964037902726047,-0.40536734637229993,0.5817626430053974,0.4,0.3813217222482342,36.7
0.6614378277661488,0.7592336413306437,1.212554789186354,-0.32627231429316345,-0.2764457580387988,0.1,0.10389251838554607,42.6
-1.5118578920369115,-1.5140533304276151,0.05807549945687435,0.8074231455077918,1.7987075962304278,0.0,0.6917110472828766,15.5
0.6614378277661488,1.5169959652500635,0.058075499456874666,-0.5371923998375273,-0.9702489829481785,0.8,0.27987474831769044,55.9
0.6614378277661488,-0.7562910065081956,-1.0964037902726047,-0.3702139987815726,1.145703824884286,0.30000000000000004,0.3209631940883535,23.6
0.6614378277661488,-0.7562910065081956,-1.0964037902726047,-0.06262220736270874,1.7214780488613697,0.0,0.6762662259434826,18.8
-1.5118578920369115,-1.3110115276786756,0.7246144281560375,-0.3174839773954817,1.3224486269790743,0.0,0.5053991911306394,21.8
-1.5118578920369115,-1.3110115276786756,0.7246144281560375,1.202898305903474,0.792117832753545,0.30000000000000004,0.2358787929732839,21.5
0.6614378277661488,1.5169959652500635,0.058075499456874666,0.2801229316468823,1.1613236153271123,0.30000000000000004,0.3273318072848447,25.7
0.6614378277661488,0.7592336413306437,1.212554789186354,-0.7744774960749364,1.4684607957731457,0.0,0.5770491992882272,22.0
-1.5118578920369115,0.0014713174112238338,1.3911533568552004,1.5017017604246559,-1.0242327155354312,0.8,0.17737894511880903,44.3
-1.5118578920369115,0.0014713174112238338,1.3911533568552004,-0.12414056564648145,1.7180834838776902,0.0,0.6621165734024405,20.5
0.6614378277661488,-0.7562910065081956,-1.0964037902726047,1.545643444913065,0.02785012692036996,0.8,0.15525535249893208,42.3
0.6614378277661488,1.5169959652500635,0.058075499456874666,-0.3965790094746181,0.2033300268962445,0.2,0.24185835736019218,37.8
0.6614378277661488,1.5169959652500635,0.058075499456874666,2.29265208121602,-2.084031017390233,0.7000000000000001,0.08039702821315302,42.7
0.6614378277661488,0.0014713174112243907,-1.2750023579414511,-0.7041708008934819,-0.3125789312074903,0.5,0.27171777797833635,49.3
0.6614378277661488,-0.7562910065081956,-1.0964037902726047,-0.22081227152098165,1.6506471605725483,0.0,0.7169969266653471,29.3
0.6614378277661488,1.3139541625011242,-0.6084634292422879,-0.22081227152098165,-0.23219672364232435,0.5,0.252338439164269,34.6
0.6614378277661488,0.7592336413306437,1.212554789186354,0.44710133270283714,0.1515243779264587,0.2,0.2781949047889508,36.6
0.6614378277661488,1.3139541625011242,-0.6084634292422879,1.4665484128339286,-1.385206857913438,0.8,0.08060368376131653,48.2
0.6614378277661488,0.7592336413306437,1.212554789186354,1.4313950652432015,-1.1910680217033829,0.7000000000000001,0.10774160607043841,39.1
0.6614378277661488,0.0014713174112243907,-1.2750023579414511,0.0428378354094731,-0.25074301929557496,0.8,0.14933175457290448,31.6
0.6614378277661488,0.0014713174112243907,-1.2750023579414511,-0.027468859771981564,0.4570936316906445,0.0,0.24455504553672863,25.5
0.6614378277661488,0.0014713174112243907,-1.2750023579414511,-0.40536734637229993,-0.05513328539267739,0.5,0.3436988207408744,45.9
-1.5118578920369115,0.0014713174112238338,1.3911533568552004,1.8092935518435196,0.06500136834181972,0.30000000000000004,0.09132017929738391,31.5
-1.5118578920369115,-1.5140533304276151,0.05807549945687435,-0.18565892393025432,-0.6489560148277189,0.5,0.2520751622592206,46.1
0.6614378277661488,0.7592336413306437,1.212554789186354,0.02526116161410951,0.7717993207422775,0.1,0.37125645239626787,26.6
0.6614378277661488,0.7592336413306437,1.212554789186354,-0.4317323570653453,0.7936247577510279,0.30000000000000004,0.23640229442544664,21.4
0.6614378277661488,1.3139541625011242,-0.6084634292422879,0.3943713113167461,-0.406283372854516,1.0,0.23315643159274962,44.0
0.6614378277661488,0.7592336413306437,1.212554789186354,1.8268702256388836,0.09562694716951502,0.30000000000000004,0.08029338959819428,34.2
-1.5118578920369115,-1.3110115276786756,0.7246144281560375,-0.5459807367352091,0.7364713119922737,0.1,0.36318024799517035,26.2
-1.5118578920369115,-1.3110115276786756,0.7246144281560375,1.5017017604246559,-1.0945541286587226,0.8,0.13231678964092136,40.9
0.6614378277661488,-0.7562910065081956,-1.0964037902726047,-1.099645961289164,-0.38070765660878025,0.5,0.20129976310434827,52.2
0.6614378277661488,0.7592336413306437,1.212554789186354,-1.556639479968619,-0.6975348737945759,0.1,0.07048893298211371,43.5
0.6614378277661488,1.3139541625011242,-0.6084634292422879,-0.009892185976617665,0.9903736680355121,0.2,0.34787113335299547,31.1
0.6614378277661488,0.7592336413306437,1.212554789186354,-1.0117625923123459,-1.684739340334845,0.9,0.14609276296960072,58.0
0.6614378277661488,-0.7562910065081956,-1.0964037902726047,0.03404949851179146,0.9791440347564143,0.30000000000000004,0.2699996224343878,20.9
0.6614378277661488,1.3139541625011242,-0.6084634292422879,0.13072120438629134,-0.3965454606845615,0.8,0.15483919687269643,48.1
0.6614378277661488,1.3139541625011242,-0.6084634292422879,1.7653518673551105,-0.010178685360538581,0.1,0.012361194122179904,39.7
-1.5118578920369115,0.0014713174112238338,1.3911533568552004,0.904094851382292,-0.42277030695506684,0.6000000000000001,0.17330266752084217,40.8
0.6614378277661488,0.0014713174112243907,-1.2750023579414511,-0.3614256618838908,-0.17373957243067528,0.5,0.05204587537237797,43.8
-1.5118578920369115,-1.3110115276786756,0.7246144281560375,1.0183432310521556,-0.10795618432596898,0.8,0.18453785932100525,40.2
0.6614378277661488,1.3139541625011242,-0.6084634292422879,1.7126218459690201,-1.0409520029798642,0.9,0.17097126918788924,78.3
0.6614378277661488,1.3139541625011242,-0.6084634292422879,-0.7656891591772547,0.7636425899052407,0.0,0.2813183386527512,38.5
0.6614378277661488,-0.7562910065081956,-1.0964037902726047,1.1325916107220195,-0.292364638204352,1.0,0.1923138983495376,48.5
0.6614378277661488,1.3139541625011242,-0.6084634292422879,-0.7569008222795729,0.7636425899052407,0.0,0.2813183386527512,42.3
0.6614378277661488,1.3139541625011242,-0.6084634292422879,1.4753367497316106,-0.5451941491063806,0.6000000000000001,0.17518137313134263,46.0
0.6614378277661488,1.3139541625011242,-0.6084634292422879,-1.4599677740941186,-1.0077448219912657,0.6000000000000001,0.09497443166456422,49.0
0.6614378277661488,0.7592336413306437,1.212554789186354,-0.10656389185111786,1.7214780488613697,0.0,0.6762662259434826,12.8
-1.5118578920369115,0.0014713174112238338,1.3911533568552004,1.290781674880292,-0.7272131340231316,0.8,0.19664325880812483,40.2
0.6614378277661488,0.0014713174112243907,-1.2750023579414511,-0.5108273891444818,1.4951852025802965,0.0,0.6143092990614808,46.6
0.6614378277661488,-0.7562910065081956,-1.0964037902726047,1.1677449583127466,0.5910890442134646,0.0,0.33397775821626446,19.0
0.6614378277661488,-0.7562910065081956,-1.0964037902726047,-1.205106004061346,1.145703824884286,0.30000000000000004,0.3209631940883535,33.4
-1.5118578920369115,-1.3110115276786756,0.7246144281560375,-0.1329289025441634,1.7198780789315469,0.0,0.6684448458759361,14.7
-1.5118578920369115,0.0014713174112238338,1.3911533568552004,0.8249998193031557,1.7913219753485712,0.1,0.6841863655261992,17.4
0.6614378277661488,1.3139541625011242,-0.6084634292422879,1.9323302684110657,-0.5223086203420994,0.9,0.18525709693229458,32.4
0.6614378277661488,1.3139541625011242,-0.6084634292422879,-0.8535725281540729,1.1741451289512679,0.4,0.3297005298008288,23.9
-1.5118578920369115,-1.3110115276786756,0.7246144281560375,-0.4229440201676635,-0.777212917875262,0.7000000000000001,0.1254358163168524,39.3
0.6614378277661488,1.5169959652500635,0.058075499456874666,-1.2402593516520732,-0.4198598399274175,1.0,0.22946386151931847,61.9
0.6614378277661488,1.5169959652500635,0.058075499456874666,-0.4141556832699817,0.18253537043399592,0.0,0.15284266688576037,39.0
0.6614378277661488,0.7592336413306437,1.212554789186354,-0.4317323570653453,0.18253537043399592,0.0,0.15284266688576037,40.6
0.6614378277661488,-0.7562910065081956,-1.0964037902726047,0.03404949851179146,0.30230601030076404,0.0,0.21911181709755473,29.7
0.6614378277661488,0.7592336413306437,1.212554789186354,-0.5899224212236182,0.9429688458378722,0.2,0.2515352805840975,28.8
0.6614378277661488,-0.7562910065081956,-1.0964037902726047,-0.35263732498620903,-0.777212917875262,0.7000000000000001,0.1254358163168524,41.4
-1.5118578920369115,-1.3110115276786756,0.7246144281560375,-1.3808727420149824,1.1160072524884064,0.30000000000000004,0.3103456575435063,33.4
0.6614378277661488,0.0014713174112243907,-1.2750023579414511,1.3259350224710194,-0.9602437732776576,0.8,0.2226576299861368,48.2
0.6614378277661488,0.7592336413306437,1.212554789186354,-1.1347993088798913,0.8592203098415465,0.30000000000000004,0.2500025260889334,21.7
0.6614378277661488,0.0014713174112243907,-1.2750023579414511,-0.8975142126424821,0.060702449981487064,0.5,0.21335835724201696,40.8
0.6614378277661488,0.0014713174112243907,-1.2750023579414511,-0.1153522287487998,-0.382418735963231,0.6000000000000001,0.13689960579293337,40.6
0.6614378277661488,1.3139541625011242,-0.6084634292422879,0.35042962682833695,0.5089226303609073,0.0,0.253848884202883,23.1
0.6614378277661488,0.7592336413306437,1.212554789186354,0.11314453059092776,0.4691384958088977,0.0,0.24667735938688973,22.3
-1.5118578920369115,-1.3110115276786756,0.7246144281560375,0.02526116161410951,2.1113947569567486,0.1,0.9716443825175448,15.0
0.6614378277661488,1.5169959652500635,0.058075499456874666,1.8883885839226566,-0.3057407852239293,0.7000000000000001,0.09219975340286192,30.0
-1.5118578920369115,0.0014713174112238338,1.3911533568552004,1.2292633165965194,0.5934426558299443,0.0,0.32254574519116536,13.8
-1.5118578920369115,-1.3110115276786756,0.7246144281560375,-1.0381276030053912,-1.684739340334845,0.9,0.14609276296960072,52.7
-1.5118578920369115,-1.5140533304276151,0.05807549945687435,1.1150149369266555,0.9549046321174481,0.2,0.2563799306567188,25.9
-1.5118578920369115,-1.5140533304276151,0.05807549945687435,-1.4599677740941186,-0.5314546279321527,0.5,0.26458263910851537,51.8
0.6614378277661488,0.0014713174112243907,-1.2750023579414511,1.211686642801156,1.9907308858416035,0.1,0.853705885730024,17.4
-1.5118578920369115,-1.5140533304276151,0.05807549945687435,-0.27354229290707255,-0.506727379619762,0.1,0.07221355472904835,26.5
0.6614378277661488,1.3139541625011242,-0.6084634292422879,-0.0362571966696632,-0.26574191631874816,0.1,0.10500133268586613,43.9
0.6614378277661488,0.0014713174112243907,-1.2750023579414511,-1.556639479968619,-0.6376830635654424,0.6000000000000001,0.20084280695941775,63.3
0.6614378277661488,0.7592336413306437,1.212554789186354,-0.0011038490789360268,0.30230601030076404,0.0,0.21911181709755473,28.8
0.6614378277661488,1.3139541625011242,-0.6084634292422879,-0.06262220736270874,0.8152272539533082,0.4,0.2335432810891499,30.7
0.6614378277661488,1.5169959652500635,0.058075499456874666,-0.1329289025441634,1.2025596870149344,0.30000000000000004,0.3408524711866165,24.4
-1.5118578920369115,0.0014713174112238338,1.3911533568552004,-0.15929391323720876,-0.6489560148277189,0.5,0.2520751622592206,53.0
0.6614378277661488,0.0014713174112243907,-1.2750023579414511,-1.2138943409590277,1.145703824884286,0.30000000000000004,0.3209631940883535,31.7
0.6614378277661488,1.5169959652500635,0.058075499456874666,1.308358348675656,-0.17115145323400402,0.7000000000000001,0.15502045029431888,40.6
-1.5118578920369115,-1.3110115276786756,0.7246144281560375,-0.17687058703257252,0.2787004628470718,0.4,0.13855446848171832,38.1
0.6614378277661488,1.3139541625011242,-0.6084634292422879,0.007684487818745923,0.9791440347564143,0.30000000000000004,0.2699996224343878,23.7
-1.5118578920369115,-1.3110115276786756,0.7246144281560375,1.4929134235269745,-0.19112895373274136,0.5,0.08637956147871272,41.1
0.6614378277661488,0.0014713174112243907,-1.2750023579414511,-0.04504553356734515,-0.38070765660878025,0.5,0.20129976310434827,40.1
0.6614378277661488,0.7592336413306437,1.212554789186354,-0.009892185976617665,0.30230601030076404,0.0,0.21911181709755473,23.0
0.6614378277661488,1.3139541625011242,-0.6084634292422879,-0.6074990950189818,-0.7702867514563181,0.1,0.06796901227519053,117.5
-1.5118578920369115,0.0014713174112238338,1.3911533568552004,-0.0011038490789360268,-0.25074301929557496,0.8,0.14933175457290448,26.5
-1.5118578920369115,-1.3110115276786756,0.7246144281560375,-0.4141556832699817,-0.17373957243067528,0.5,0.05204587537237797,40.5
0.6614378277661488,0.0014713174112243907,-1.2750023579414511,-0.3965790094746181,-1.122921856430549,0.1,0.05862770801143723,29.3
0.6614378277661488,1.5169959652500635,0.058075499456874666,0.8601531668938829,-0.372844426164602,0.7000000000000001,0.08746755004619898,41.0
-1.5118578920369115,-1.5140533304276151,0.05807549945687435,-1.4248144265033915,-2.870121088830743,0.7000000000000001,0.08507503131559908,49.7
0.6614378277661488,0.7592336413306437,1.212554789186354,0.12193286748860971,-0.23219672364232435,0.5,0.252338439164269,34.0
0.6614378277661488,0.0014713174112243907,-1.2750023579414511,0.3064879423399278,1.1613236153271123,0.30000000000000004,0.3273318072848447,27.7
-1.5118578920369115,-1.3110115276786756,0.7246144281560375,-1.556639479968619,-0.9419878974163707,0.6000000000000001,0.2093948303440501,44.0
0.6614378277661488,0.0014713174112243907,-1.2750023579414511,-1.3281427206288914,0.8560106678572261,0.30000000000000004,0.24256575396439578,31.1
0.6614378277661488,1.3139541625011242,-0.6084634292422879,-1.354507731321937,-1.0514373386020126,0.6000000000000001,0.09369440877697695,45.4
0.6614378277661488,1.3139541625011242,-0.6084634292422879,-1.143587645777573,-0.3871340179130574,0.9,0.19376013310106133,44.8
-1.5118578920369115,0.0014713174112238338,1.3911533568552004,-1.3808727420149824,0.7973724105718248,0.1,0.38176734888929037,25.6
0.6614378277661488,0.0014713174112243907,-1.2750023579414511,1.3874533807547924,1.0723725988511035,0.2,0.3724250942539401,23.5
-1.5118578920369115,0.0014713174112238338,1.3911533568552004,-0.23838894531634522,-0.3975538466287892,0.7000000000000001,0.14731123420807718,34.4
0.6614378277661488,1.5169959652500635,0.058075499456874666,1.0886499262336105,0.16456722203084642,0.30000000000000004,0.07764021808436992,55.3
-1.5118578920369115,0.0014713174112238338,1.3911533568552004,-1.0381276030053912,-1.684739340334845,0.9,0.14609276296960072,56.3
0.6614378277661488,0.7592336413306437,1.212554789186354,0.13072120438629134,-0.23219672364232435,0.5,0.252338439164269,32.9
0.6614378277661488,-0.7562910065081956,-1.0964037902726047,-0.09777555495343591,-0.5486414659077156,0.6000000000000001,0.1913909198405888,51.0
0.6614378277661488,1.3139541625011242,-0.6084634292422879,-0.33506065119084527,-0.6489560148277189,0.5,0.2520751622592206,44.5
0.6614378277661488,0.7592336413306437,1.212554789186354,1.7565635304574292,-0.17717608427238637,0.0,0.015292114898121961,37.0
-1.5118578920369115,-1.3110115276786756,0.7246144281560375,-1.2578360254474368,-2.1012629258941202,0.7000000000000001,0.17971491466600953,54.4
0.6614378277661488,0.7592336413306437,1.212554789186354,-0.018680522874299613,-0.36909007080483974,0.5,0.18397526960083238,24.5
-1.5118578920369115,-1.5140533304276151,0.05807549945687435,-0.44930903086070906,-0.3975538466287892,0.7000000000000001,0.14731123420807718,42.5
0.6614378277661488,-0.7562910065081956,-1.0964037902726047,0.7634814610193826,-0.5165363910157713,0.6000000000000001,0.19407611449822726,38.1
0.6614378277661488,1.5169959652500635,0.058075499456874666,0.0428378354094731,1.1590492422658116,0.30000000000000004,0.32617649078692645,21.8
-1.5118578920369115,-1.3110115276786756,0.7246144281560375,-0.4580973677583908,0.5817626430053974,0.4,0.3813217222482342,34.1
-1.5118578920369115,-1.3110115276786756,0.7246144281560375,1.5104900973223376,-0.047125318418334346,0.4,0.16541268546365595,28.5
0.6614378277661488,1.3139541625011242,-0.6084634292422879,-0.08898721805575427,1.7214780488613697,0.0,0.6762662259434826,16.7
0.6614378277661488,1.5169959652500635,0.058075499456874666,1.361088370061747,-1.421030561458624,1.0,0.22233683616846067,46.1
0.6614378277661488,0.7592336413306437,1.212554789186354,-1.3369310575265734,-1.1987956179303665,0.4,0.07054316969444585,36.9
-1.5118578920369115,-1.3110115276786756,0.7246144281560375,1.7829285411504745,-0.2308720063419258,0.0,0.015980647024794112,35.7
0.6614378277661488,-0.7562910065081956,-1.0964037902726047,-0.10656389185111786,1.2025596870149344,0.30000000000000004,0.3408524711866165,23.2
0.6614378277661488,-0.7562910065081956,-1.0964037902726047,1.8092935518435196,-0.2746959184826539,0.0,0.002601480539611019,38.4
0.6614378277661488,0.0014713174112243907,-1.2750023579414511,0.201027899567746,0.8964976888702445,0.30000000000000004,0.2420749844353517,29.4
0.6614378277661488,0.7592336413306437,1.212554789186354,-0.1329289025441634,-0.6489560148277189,0.5,0.2520751622592206,55.0
0.6614378277661488,-0.7562910065081956,-1.0964037902726047,-0.29111896670243614,-1.1237008210781714,0.1,0.058801919823571164,50.2
-1.5118578920369115,-1.3110115276786756,0.7246144281560375,-0.6514407795073909,1.4689597826549687,0.0,0.5773776826864997,24.7
0.6614378277661488,0.0014713174112243907,-1.2750023579414511,-0.1153522287487998,-0.6489560148277189,0.5,0.2520751622592206,53.0
0.6614378277661488,1.3139541625011242,-0.6084634292422879,1.106226600028974,0.6713076214539264,0.0,0.3386325477844911,19.1
0.6614378277661488,-0.7562910065081956,-1.0964037902726047,-0.1153522287487998,0.9060445009356749,0.2,0.3760931089291236,24.7
0.6614378277661488,1.5169959652500635,0.058075499456874666,0.31527627923760976,-0.09450887935818476,0.4,0.07974909679085877,42.2
0.6614378277661488,-0.7562910065081956,-1.0964037902726047,1.554431781810747,-0.5630114565969079,0.9,0.08106138765549108,78.0
0.6614378277661488,1.3139541625011242,-0.6084634292422879,-0.8272075174610274,-1.554015896639687,0.5,0.08403267316306538,42.8
0.6614378277661488,1.3139541625011242,-0.6084634292422879,-1.2314710147543915,-0.030040915995236478,0.6000000000000001,0.19546347652360613,41.6
0.6614378277661488,0.7592336413306437,1.212554789186354,-0.18565892393025432,0.9655888426175412,0.2,0.3253425501177719,27.3
0.6614378277661488,1.3139541625011242,-0.6084634292422879,-0.38779067257693617,-0.777212917875262,0.7000000000000001,0.1254358163168524,42.0
-1.5118578920369115,-1.3110115276786756,0.7246144281560375,-0.18565892393025432,0.20654350249782227,0.2,0.12123062233666147,37.5
0.6614378277661488,1.3139541625011242,-0.6084634292422879,-0.9326675602332094,-0.406283372854516,1.0,0.23315643159274962,49.8
0.6614378277661488,1.3139541625011242,-0.6084634292422879,1.4841250866292925,-0.7019017844339399,0.5,0.2209666853963249,26.9
-1.5118578920369115,-1.3110115276786756,0.7246144281560375,-0.3702139987815726,1.7464554486977253,0.0,0.7133736096023953,18.6
-1.5118578920369115,0.0014713174112238338,1.3911533568552004,-0.07141054426039069,0.4287580604012343,0.4,0.32365443864774096,37.7
0.6614378277661488,0.7592336413306437,1.212554789186354,-0.4229440201676635,-1.0363149593423722,0.1,0.06157744730960381,33.1
0.6614378277661488,0.0014713174112243907,-1.2750023579414511,0.956824872768383,-0.9915365371680992,0.6000000000000001,0.1847681112114496,42.5
-1.5118578920369115,-1.5140533304276151,0.05807549945687435,-0.46688570465607265,0.9429688458378722,0.2,0.2515352805840975,31.3
0.6614378277661488,0.7592336413306437,1.212554789186354,1.659891824582929,-0.17996398768922073,0.8,0.15098215659962422,38.1
0.6614378277661488,-0.7562910065081956,-1.0964037902726047,-1.1963176671636642,-2.1012629258941202,0.7000000000000001,0.17971491466600953,62.1
0.6614378277661488,0.0014713174112243907,-1.2750023579414511,-1.249047688549755,0.21196445212524173,0.30000000000000004,0.2561037120407246,36.7
-1.5118578920369115,-1.3110115276786756,0.7246144281560375,-0.15929391323720876,0.8228072894672465,0.30000000000000004,0.2330287507505675,23.6
0.6614378277661488,0.7592336413306437,1.212554789186354,-0.3614256618838908,1.7464554486977253,0.0,0.7133736096023953,19.2
0.6614378277661488,0.7592336413306437,1.212554789186354,1.255628327289565,0.5913717730347223,0.0,0.3265506094842862,12.8
0.6614378277661488,1.3139541625011242,-0.6084634292422879,0.6931747658379283,1.8127852307458556,0.0,0.703715915875817,15.6
0.6614378277661488,1.5169959652500635,0.058075499456874666,1.941118605308747,0.029503653857175457,0.2,0.08112759056046033,39.6
-1.5118578920369115,-1.3110115276786756,0.7246144281560375,-0.8711492019494366,-1.554015896639687,0.5,0.08403267316306538,38.4
-1.5118578920369115,0.0014713174112238338,1.3911533568552004,1.0798615893359285,0.4727755445486431,0.5,0.34929973501502193,22.8
0.6614378277661488,-0.7562910065081956,-1.0964037902726047,0.8425764930985192,-0.5110264125734343,0.6000000000000001,0.10471150755881524,36.5
-1.5118578920369115,-1.3110115276786756,0.7246144281560375,-1.1084342981868458,1.0204215635059009,0.2,0.34476766716349816,35.6
-1.5118578920369115,-1.3110115276786756,0.7246144281560375,1.1941099690057921,0.004740586258759949,0.5,0.17681087808761575,30.9
-1.5118578920369115,0.0014713174112238338,1.3911533568552004,1.211686642801156,-0.7506873640091367,0.9,0.1220935719344274,36.3
0.6614378277661488,1.3139541625011242,-0.6084634292422879,-1.407237752708028,-0.5314546279321527,0.5,0.26458263910851537,50.4
0.6614378277661488,1.3139541625011242,-0.6084634292422879,1.3962417176524742,-0.7077817973149063,0.0,0.024069079011651714,42.9
0.6614378277661488,0.7592336413306437,1.212554789186354,-0.4141556832699817,0.2033300268962445,0.2,0.24185835736019218,37.0
-1.5118578920369115,-1.5140533304276151,0.05807549945687435,-1.055704276800755,-1.684739340334845,0.9,0.14609276296960072,53.5
0.6614378277661488,0.7592336413306437,1.212554789186354,1.3874533807547924,-0.05306371663056607,0.8,0.20486545178675342,46.6
0.6614378277661488,-0.7562910065081956,-1.0964037902726047,1.4841250866292925,1.47049517552576,0.0,0.5782847879605366,41.2
-1.5118578920369115,-1.5140533304276151,0.05807549945687435,-1.556639479968619,-1.0461338915458265,0.0,0.0,37.9
0.6614378277661488,0.0014713174112243907,-1.2750023579414511,-0.3965790094746181,0.9429688458378722,0.2,0.2515352805840975,30.8
0.6614378277661488,-0.7562910065081956,-1.0964037902726047,-0.027468859771981564,2.13688471167351,0.1,0.999867189501031,11.2
-1.5118578920369115,-1.3110115276786756,0.7246144281560375,-1.152375982675255,-0.745599995250509,0.6000000000000001,0.1911814566661194,53.7
-1.5118578920369115,-1.3110115276786756,0.7246144281560375,-0.8711492019494366,-1.554015896639687,0.5,0.08403267316306538,47.0
0.6614378277661488,0.7592336413306437,1.212554789186354,-0.3965790094746181,-0.17373957243067528,0.5,0.05204587537237797,42.3
-1.5118578920369115,-1.3110115276786756,0.7246144281560375,-1.205106004061346,1.1593185418823937,0.30000000000000004,0.32656676496028997,28.6
-1.5118578920369115,-1.3110115276786756,0.7246144281560375,0.06041450920483668,1.3426097599902926,0.30000000000000004,0.4044732719687732,25.7
0.6614378277661488,-0.7562910065081956,-1.0964037902726047,-1.1963176671636642,1.145703824884286,0.30000000000000004,0.3209631940883535,31.3
0.6614378277661488,0.0014713174112243907,-1.2750023579414511,-0.48446237845143636,0.7364713119922737,0.1,0.36318024799517035,30.1
0.6614378277661488,1.3139541625011242,-0.6084634292422879,-1.2226826778567095,-0.39619708026114525,0.5,0.23873491874897457,60.7
-1.5118578920369115,-1.3110115276786756,0.7246144281560375,-0.6514407795073909,-0.9289924032703278,0.1,0.06457431088573834,45.3
0.6614378277661488,0.0014713174112243907,-1.2750023579414511,-1.556639479968619,-0.5074155082208174,0.9,0.1362348668204969,44.9
0.6614378277661488,1.5169959652500635,0.058075499456874666,-1.4599677740941186,-1.0077448219912657,0.6000000000000001,0.09497443166456422,45.1
0.6614378277661488,-0.7562910065081956,-1.0964037902726047,-1.0644926136984367,1.2487418849180187,0.0,0.47319547658885214,24.7
-1.5118578920369115,-1.5140533304276151,0.05807549945687435,1.3347233593687011,-1.7162066044882833,1.0,0.24038151271783875,47.1
0.6614378277661488,0.7592336413306437,1.212554789186354,2.0817319956716562,-0.674391499693196,0.8,0.10577330417601509,63.3
0.6614378277661488,0.0014713174112243907,-1.2750023579414511,-0.05383387046502679,0.43121551383572876,0.4,0.32363709796035733,40.0
0.6614378277661488,-0.7562910065081956,-1.0964037902726047,1.28199333798261,-1.5115198144069233,1.0,0.225147056042374,48.0
0.6614378277661488,0.0014713174112243907,-1.2750023579414511,1.545643444913065,0.02430900642579298,0.7000000000000001,0.1505498542097562,33.1
-1.5118578920369115,0.0014713174112238338,1.3911533568552004,-0.0362571966696632,1.1920869998519852,0.4,0.3382853304577889,29.5
-1.5118578920369115,-1.3110115276786756,0.7246144281560375,-0.3086956404977999,0.9883260241143323,0.1,0.4174347777417919,24.8
-1.5118578920369115,-1.3110115276786756,0.7246144281560375,-0.23838894531634522,1.0015472448069398,0.2,0.27156170568809823,20.9
0.6614378277661488,0.0014713174112243907,-1.2750023579414511,0.0428378354094731,-0.4766076381946978,0.1,0.07827203494685424,43.1
-1.5118578920369115,-1.5140533304276151,0.05807549945687435,0.2186045733631096,1.1613236153271123,0.30000000000000004,0.3273318072848447,22.8
-1.5118578920369115,-1.3110115276786756,0.7246144281560375,-0.15929391323720876,-0.6489560148277189,0.5,0.2520751622592206,42.1
0.6614378277661488,-0.7562910065081956,-1.0964037902726047,-1.1963176671636642,-0.5789596543381289,0.5,0.22115515051179646,51.7
0.6614378277661488,0.7592336413306437,1.212554789186354,1.4226067283455195,-1.1910680217033829,0.7000000000000001,0.10774160607043841,41.5
0.6614378277661488,0.7592336413306437,1.212554789186354,-1.556639479968619,-0.6975348737945759,0.1,0.07048893298211371,52.2
0.6614378277661488,1.3139541625011242,-0.6084634292422879,-1.0820692874938003,-0.38070765660878025,0.5,0.20129976310434827,49.5
0.6614378277661488,1.3139541625011242,-0.6084634292422879,0.35042962682833695,0.5923091750092394,0.0,0.2704185050866262,23.8
0.6614378277661488,0.0014713174112243907,-1.2750023579414511,-0.2647539560093908,0.9453522563974647,0.2,0.25300133644070644,30.5
0.6614378277661488,1.3139541625011242,-0.6084634292422879,-1.2138943409590277,-2.2144047014166492,0.8,0.16556632337958965,56.8
0.6614378277661488,1.3139541625011242,-0.6084634292422879,1.7214101828667014,-0.014797918538351032,0.8,0.1762358866159311,37.4
0.6614378277661488,1.3139541625011242,-0.6084634292422879,-1.556639479968619,-0.6376830635654424,0.6000000000000001,0.20084280695941775,69.7
0.6614378277661488,1.3139541625011242,-0.6084634292422879,-0.3174839773954817,-0.6489560148277189,0.5,0.2520751622592206,53.3
0.6614378277661488,0.0014713174112243907,-1.2750023579414511,-0.8535725281540729,-1.345264574207726,0.9,0.2372515110061476,47.3
0.6614378277661488,0.7592336413306437,1.212554789186354,-0.12414056564648145,1.5911215997062134,0.0,0.7103441232606212,29.3
-1.5118578920369115,-1.5140533304276151,0.05807549945687435,1.000766557256792,-0.1488494007510536,0.4,0.15313629777825172,40.3
-1.5118578920369115,-1.3110115276786756,0.7246144281560375,-0.14171723944184503,1.7180834838776902,0.0,0.6621165734024405,12.9
0.6614378277661488,0.7592336413306437,1.212554789186354,0.05162617230715504,-1.762207129668294,1.0,0.24066058780425958,46.6
-1.5118578920369115,-1.3110115276786756,0.7246144281560375,-1.556639479968619,-1.0461338915458265,0.0,0.0,55.3
0.6614378277661488,1.3139541625011242,-0.6084634292422879,-0.1329289025441634,1.1272250582019583,0.30000000000000004,0.31128817098182143,25.6
0.6614378277661488,-0.7562910065081956,-1.0964037902726047,-0.6426524426097091,1.188316315410364,0.4,0.3352297157193574,27.3
0.6614378277661488,1.3139541625011242,-0.6084634292422879,2.0377903111832474,-1.416397946244602,0.8,0.1071678498712434,67.7
0.6614378277661488,-0.7562910065081956,-1.0964037902726047,1.3259350224710194,-0.41036251301780335,0.9,0.13141578521812491,38.6
0.6614378277661488,-0.7562910065081956,-1.0964037902726047,-1.0117625923123459,1.054567659999119,0.1,0.4334910289060779,31.3
0.6614378277661488,0.7592336413306437,1.212554789186354,2.1959803753415206,-0.26640973368187476,0.6000000000000001,0.16581084993032025,35.3
0.6614378277661488,0.7592336413306437,1.212554789186354,-0.07141054426039069,0.43121551383572876,0.4,0.32363709796035733,40.3
0.6614378277661488,-0.7562910065081956,-1.0964037902726047,1.308358348675656,1.7333147536437705,0.1,0.6359460701129189,24.7
-1.5118578920369115,0.0014713174112238338,1.3911533568552004,0.3064879423399278,-0.13754393886836735,0.4,0.07935364140647556,42.5
-1.5118578920369115,-1.5140533304276151,0.05807549945687435,1.7038335090713381,0.3848866066371734,0.1,0.25245037737369297,31.9
0.6614378277661488,0.0014713174112243907,-1.2750023579414511,-0.40536734637229993,0.5975932021439709,0.4,0.37722338796782656,32.2
0.6614378277661488,0.0014713174112243907,-1.2750023579414511,-0.2647539560093908,0.9453522563974647,0.2,0.25300133644070644,23.0
-1.5118578920369115,0.0014713174112238338,1.3911533568552004,-0.44052069396302723,-1.122921856430549,0.1,0.05862770801143723,37.3
0.6614378277661488,1.3139541625011242,-0.6084634292422879,0.7986348086101102,-0.19112895373274136,0.5,0.08637956147871272,35.5
0.6614378277661488,0.7592336413306437,1.212554789186354,-0.8887258757448002,1.1571721786775477,0.30000000000000004,0.32550672718592066,27.7
-1.5118578920369115,-1.3110115276786756,0.7246144281560375,-0.44052069396302723,-1.0363149593423722,0.1,0.06157744730960381,28.5
-1.5118578920369115,-1.5140533304276151,0.05807549945687435,1.1589566214150648,-1.1668792028160768,0.9,0.24590582181891385,39.7
0.6614378277661488,1.3139541625011242,-0.6084634292422879,-0.1153522287487998,-0.6489560148277189,0.5,0.2520751622592206,41.2
-1.5118578920369115,-1.5140533304276151,0.05807549945687435,0.46467800649820074,-1.3557488878866026,0.6000000000000001,0.19703372808743985,37.2
0.6614378277661488,1.5169959652500635,0.058075499456874666,-1.3896610789126642,-0.4239364712189112,0.7000000000000001,0.09083071344496284,40.5
0.6614378277661488,0.7592336413306437,1.212554789186354,-1.099645961289164,1.2487418849180187,0.0,0.47319547658885214,22.3
0.6614378277661488,0.0014713174112243907,-1.2750023579414511,0.06920284610251863,1.1574663469037278,0.30000000000000004,0.3259102663067037,28.1
0.6614378277661488,0.7592336413306437,1.212554789186354,-0.35263732498620903,1.7214780488613697,0.0,0.6762662259434826,15.4
-1.5118578920369115,-1.5140533304276151,0.05807549945687435,-1.0644926136984367,-1.684739340334845,0.9,0.14609276296960072,50.0
0.6614378277661488,1.3139541625011242,-0.6084634292422879,0.09556785679556416,-0.3797893989412601,0.7000000000000001,0.17407098782085428,40.6
0.6614378277661488,0.7592336413306437,1.212554789186354,-0.8447841912563911,-1.554015896639687,0.5,0.08403267316306538,52.5
0.6614378277661488,-0.7562910065081956,-1.0964037902726047,-0.9853975816193004,-1.684739340334845,0.9,0.14609276296960072,63.9
